track_id,window_start_frame,window_end_frame,n_frames,avg_speed,total_distance,straightness,median_speed,mean_turning_angle,angular_velocity,jump_frequency,trajectory_entropy,fractal_dimension,sinuosity,velocity_autocorrelation,speed_1min_mean,speed_1min_max,speed_1min_std,angle_1min_mean,angle_1min_std,jump_1min_max,label
0.0,0,8999,9000,75.51736165235604,22652.6912503184,0.00908018991910408,53.43032846614283,24.435411394858452,733.0623418457536,7.334148238693189,5.78538507652397,1.6237053174431968,110.1298550921353,0.3620432677418747,75.52871001548486,103.72590602808128,20.277428840526973,24.48968824365839,6.226794157439868,7.63757643135075,0
0.0,0,8999,9000,103.11870516696635,30932.174259917672,0.016954888379743776,74.34978143881762,25.494615551098256,764.8384665329477,7.520835648405379,5.339214405591312,1.598166550395966,58.980040304760294,0.206558769014188,103.10738007209913,116.5132719291646,11.354610096671903,25.773975724225853,5.476075046995621,8.321289605336297,0
0.0,9000,17999,9000,81.12410393858129,24334.527044776434,0.006178053144558213,57.61562288130114,22.998106594986357,689.9431978495907,7.46416268474275,5.50310621488695,1.626783985765704,161.8632887418305,0.3836896429471578,81.13059383671461,93.13023880609502,10.956238551784661,22.979201163584115,2.9519869101731113,7.670928293496386,0
0.0,9000,17999,9000,104.38141084752483,31310.943873895863,0.016292294268385077,76.59934725570447,20.301554624423087,609.0466387326927,7.500833425936216,6.188757864609365,1.7210053694634624,61.3787096848897,0.1947971587487958,104.39023515228637,130.7799046332409,18.6697868380489,20.448452786054844,3.0508976718962746,7.604224569205114,0
0.0,18000,26999,9000,57.78724851009623,17334.248311411866,0.006029467910425847,34.49478221412574,27.06352536622735,811.9057609868205,7.947549727747528,5.360792756566186,1.5660181964036446,165.85211412616547,0.31278931536452464,57.77365375740341,72.46895695763288,9.883444631165425,27.118765052247955,3.530284094467473,9.188438021122845,0
0.0,18000,26999,9000,101.55542738986045,30463.24303604514,0.012722516084642583,72.40511031688054,25.354535343060057,760.6360602918016,7.850872319146572,5.741398082189231,1.6956712540258125,78.60080453795656,0.35948794429980935,101.56104300439374,162.60106400991842,35.88815172441078,25.241419064689264,6.032594473755678,7.954419121734297,0
0.0,27000,35999,9000,54.32236177989426,16294.897788575614,0.018910912543420876,33.80961401731607,25.240489454239114,757.2146836271736,7.720857873097011,5.341310170848972,1.5546474248997741,52.87952116027848,0.3687175651750491,54.3287604768996,64.6231897866464,6.517925881227157,25.245913332041226,1.569796873318803,7.954419121734297,0
0.0,27000,35999,9000,97.92375593388599,29373.862654967998,0.0068318239700052115,71.09556948221038,25.478544097052886,764.3563229115866,7.540837870874542,5.25768611083721,1.5573669374438872,146.37379481533057,0.33515500774421797,97.94358880724212,138.34537329076355,27.607607726223684,25.443314257875464,4.513145128957599,8.954974986103391,0
0.0,36000,44999,9000,61.03963715796187,18309.85649281663,0.018411596451744148,41.153614665057276,29.141986074528454,874.2595822358535,7.054117124124903,5.482767162330643,1.5850351614642164,54.313595381093045,0.25309798353952484,61.051391237144855,85.41614557867405,13.576518682083027,29.266087947673793,3.853507593453797,7.620900500277932,0
0.0,36000,44999,9000,94.55565134632363,28363.543548852213,0.008271481173196078,70.03956024990559,23.992731485416815,719.7819445625045,7.370818979886654,5.3386867538027705,1.6037976012848303,120.89733133172359,0.3476710119626659,94.57292303253423,112.55162995601077,14.72765163078266,23.935310284534935,3.684175185805795,8.58810450250139,0
0.0,45000,53737,8738,64.0015795317965,18639.393345643537,0.017736680271287383,39.54769272663162,27.518728850896032,825.561865526881,8.199610850406318,5.4445503966718345,1.5854752972273345,56.38033638227257,0.45667782939404633,64.78140395454466,90.76956984971841,22.16301274776489,27.332749595973723,4.354473358296034,8.40466926070039,0
0.0,45000,53737,8738,100.14793188785828,29166.416030140594,0.009430061837616762,75.85730024196775,21.998643766254403,659.9593129876322,7.0974018541833575,5.749251451003885,1.640927787754883,106.04384331934855,0.24879444704282927,99.77025806910257,117.81484611539528,11.81912560134703,22.051830856642688,2.2379524397756225,7.9830839297332465,0
1.0,0,8999,9000,92.55835014809956,27764.419766091596,0.006832128689423868,66.57702306351587,26.51239911160171,795.3719733480514,7.697521946882988,5.325448816436045,1.5428061446401018,146.36726640527127,0.3143029195875484,92.57499344597167,133.48324420787512,23.66046839069745,26.48970923219909,4.11052362296804,8.137854363535297,0
1.0,0,8999,9000,105.92573748623987,31774.190387955754,0.008960871689444413,79.5005660357201,20.30220067474558,609.0660202423675,7.114123791532393,6.032469439424815,1.7107243988380383,111.59628601511662,0.23725581713603033,105.92195425993232,122.38218963217734,14.80177915797564,20.310898825638166,1.3184435100449192,7.620900500277932,0
1.0,9000,17999,9000,69.82284164060609,20944.525064127138,0.004030327745977859,46.697002045100746,27.94970686255124,838.4912058765372,7.757528614290478,5.375233526038042,1.6191331422855955,248.11877917322448,0.3619926056793325,69.8096078433751,85.67963224930978,10.97539780398526,27.947994196615355,3.978683788529614,8.67148415786548,0
1.0,9000,17999,9000,107.47516614774955,32238.96733878661,0.012161855482715901,83.76019340951939,22.93095379144762,687.9286137434287,6.927436381820203,5.441217726099404,1.6513923591347024,82.22429557900708,0.35263405476367354,107.46036927440741,151.26000582345907,22.06099490821819,22.937453147475715,3.772404208194204,7.604224569205114,0
1.0,18000,26999,9000,64.3112744281044,19291.238619283715,0.0007478960488792364,42.52175913576684,31.87664582064834,956.2993746194504,7.40415601733526,4.780094843467464,1.4553170679817105,1337.0842131049567,0.2836546762711885,64.28243630358553,85.75085070667693,17.39603777877981,31.824440304354177,7.628457919098899,8.004446914952752,0
1.0,18000,26999,9000,123.22403602504494,36963.10333964598,0.006504245005915976,100.2561220075869,20.844785705865583,625.3435711759674,6.254028225358374,5.619579360448087,1.652555394388306,153.74574590754867,0.21969724733396717,123.25237203014208,156.20051967795828,19.810831664482798,20.914587454652622,3.419322160879383,8.40466926070039,0
1.0,27000,35999,9000,67.96087883416482,20385.998287621638,0.004933099591025731,47.092356067623456,32.814583749774634,984.4375124932392,7.417490832314702,5.053560663502858,1.479970134951417,202.71230725185336,0.28902969904992704,67.95080169056631,74.27759674315885,4.1721868657858385,32.80168922840964,2.885625301094643,7.8043357420789325,0
1.0,27000,35999,9000,103.33613925689949,30997.397239094615,0.009491441865669184,77.33485630684254,21.741444646230413,652.2433393869125,7.060784531614624,5.833309826351442,1.6959079907493895,105.35807037042798,0.23051894182579727,103.32329416775261,122.00098755616399,14.980275154647666,21.759981542049754,3.2958247097103177,7.7042801556420235,0
1.0,36000,44999,9000,72.10178796413776,21628.13299630919,0.010582977132439188,48.25805632223473,28.648861153886397,859.465834616592,7.657517501944661,5.690378860877924,1.6677266943414157,94.49136925135902,0.16200271579971426,72.09725575911789,79.73072419153077,6.026799628090649,28.621732134911447,2.626909897982319,8.121178432462479,0
1.0,36000,44999,9000,79.8873671665108,23963.54723771436,0.013106333616225773,53.94163512538308,26.571672372027756,797.1501711608325,8.154239359928882,5.512773389234304,1.5551544499836016,76.29898866315976,0.3802763315608837,79.8819569251856,130.5776962426282,26.771073427231045,26.639435546013488,5.740223956452646,8.804891606448026,0
1.0,45000,53737,8738,58.03649645622554,16902.16231793476,0.012409534766175019,35.529424425397366,30.25389263936071,907.6167791808214,8.045095570561978,5.750603758095537,1.6059185518765435,80.58319822961657,0.3952864002815561,57.11874275234131,75.94913029339675,18.5617688114972,30.58129844865607,6.598387414496983,7.987770983879933,0
1.0,45000,53737,8738,67.24583904027635,19584.229856496484,0.003456693805687095,43.26661530556617,32.340312570480535,970.209377114416,7.8905802907176374,5.531202453472918,1.5602238526635643,289.29377498080936,0.3708821401720582,67.2886186984111,85.35546396669652,13.107079552910763,32.3526934860596,3.9805183780008333,8.022121014964215,0
2.0,0,8999,9000,78.10347801952337,23428.439956589697,0.0026708358251009076,54.140650162330445,24.47666347510268,734.2999042530803,7.454161573508168,5.213159954971547,1.515561965136259,374.4146272870287,0.2828472928579949,78.11539651340891,105.23928280329703,14.933155634871332,24.547193245362017,3.232585836350419,8.087826570316842,0
2.0,0,8999,9000,96.32105605357236,28893.10611420326,0.01732744004215927,67.39925815615491,24.65246916721093,739.5740750163279,7.757528614290478,5.588700534613544,1.6164364375255686,57.71192960800368,0.1665677631861091,96.31837610396015,101.37097713379622,5.7625407586023165,24.795485096771,2.1568238597843528,8.638132295719844,0
2.0,9000,17999,9000,58.77728910858047,17631.22748960385,0.009258125802152503,36.91950703896252,31.63283885484818,948.9851656454455,7.797533059228804,5.178412210653492,1.5121451974322488,108.01322226227487,0.3445855134815905,58.753412045398115,86.63422755648682,18.03340919596711,31.604010672972425,3.165242391755673,7.937743190661478,0
2.0,9000,17999,9000,87.21330715803394,26161.085037171582,0.018916504719821117,62.6080665729251,26.1762985868967,785.288957606901,7.307478608734304,5.775934837305423,1.6732907018083176,52.86388869462648,0.2646287971290176,87.20847294531742,107.58601836819011,13.26424431680223,26.17786246280471,4.661980588666842,8.037798777098388,0
2.0,18000,26999,9000,70.91753340358889,21272.89610329655,0.014906712485586891,48.466483264210794,28.22868697614088,846.8606092842264,7.514168240915658,5.316249453413241,1.5183140714126493,67.08387251494165,0.2973916065201673,70.91141336341025,83.06434234577173,11.985664173761291,28.219991656071397,1.562224984207327,7.45414118954975,0
2.0,18000,26999,9000,79.04832450993452,23711.86240883002,0.015945903895122755,48.701745348602685,28.92579161826128,867.7737485478383,8.810978997666409,5.446561857437897,1.5958559378764727,62.712029783765466,0.3909298057263576,79.06465020766719,113.19890998491204,19.914462215199364,28.853554703194202,2.8688382103668024,9.005002779321845,0
2.0,27000,35999,9000,56.58435095335588,16973.419140974984,0.009206784187864794,36.14595413044125,34.09253845817732,1022.7761537453198,7.477497499722192,5.5145260583227245,1.548798572212035,108.61555778814412,0.2465233582170317,56.57918473094084,74.13017555979313,11.999249625389412,34.14209977687643,6.0353376400997885,7.92106725958866,0
2.0,27000,35999,9000,73.378078439118,22010.97759578743,0.012782643912128022,47.95497888644756,29.737600772986735,892.128023189602,7.947549727747528,5.796610303737842,1.636620966301005,78.23107698800963,0.28868286833316714,73.39646408801609,101.14665329788407,15.304733178841234,29.58699248513318,3.585462918185993,8.387993329627571,0
2.0,36000,44999,9000,72.8602164696654,21855.636267017297,0.004274170224154436,48.98183336707516,24.660895876643615,739.8268762993084,7.854206022891433,5.605219518848175,1.5427452726239066,233.96354088771255,0.3373815157448845,72.87528519270887,98.93430211690298,19.786975717929053,24.651009266207588,1.862485714626527,7.63757643135075,0
2.0,36000,44999,9000,98.14016220673474,29438.7773232802,0.010105000654626519,67.84047464456627,25.731824302585814,771.9547290775744,7.887543060340039,5.4147484346588595,1.5768723864410759,98.96090402944759,0.3183684121113643,98.14699313840825,129.23380932848886,26.396877784889444,25.753636436774276,5.050452336991409,8.254585881045024,0
2.0,45000,53737,8738,64.24775415250699,18711.08760101512,0.020408867431017996,43.49896550493901,34.20998153476607,1026.2994460429818,7.437335469840906,5.110653149495627,1.5446721732076787,48.998309356459956,0.3072910880597342,64.24491261614936,80.92012535556823,13.249757752960551,34.22107439435778,2.708803166254115,7.787659811006114,0
2.0,45000,53737,8738,83.90069846357422,24434.6800825416,0.018090255566523345,56.004464107783136,27.258506097302305,817.7551829190692,8.055396589218267,5.4055221619513185,1.5920726957855806,55.278378811327315,0.32650717102867177,84.97857604338945,120.53982222750996,21.800698380346557,27.0023316748634,5.464713033772095,7.754307948860478,0
0.0,0,8999,9000,54.894046571395094,16466.38416986615,0.005494635150569887,27.66026030246323,53.4029610444729,1602.0888313341873,8.930992332481388,5.257990954533059,1.5580689964335654,181.99570537386512,0.4972519033936951,54.84419255731608,76.21573575471832,15.387235638563899,53.37614839490042,9.395280144477322,9.13841022790439,1
0.0,9000,17999,9000,46.06829890321662,13818.954061001547,0.011214242487162338,27.653752005831805,45.08440981961322,1352.5322945883968,7.6841871319035455,4.509995094195035,1.463334102850109,89.17231825018624,0.46312364850601623,46.08459119047257,59.159687823000986,8.712775806680199,45.13266579268525,12.054603061401858,8.888271261812118,1
0.0,18000,26999,9000,65.21594633162476,19562.61003460971,0.005717448342822727,46.03411778235816,33.75882231082476,1012.764669324743,7.104122680297811,5.441168345542429,1.5929041641295139,174.9031980770457,0.40915088830496255,65.22363311580156,69.72216297816688,4.15666608396317,33.79262052746579,10.227808845915103,7.587548638132295,1
0.0,27000,35999,9000,59.85458121754334,17954.37921255575,0.008198843593872466,41.20825160086084,49.35695129359545,1480.7085388078635,7.357484164907213,4.452102870947093,1.4697054203500433,121.96842012541447,0.3999485638559055,59.86649541288078,67.35819737869541,4.411960722447295,49.22592433570212,5.399742636066296,9.471928849360756,1
0.0,36000,44999,9000,66.038647066168,19809.392831614863,0.011714875228222293,48.43397567823686,41.992127730956035,1259.7638319286812,7.0874541615735085,4.537507109246113,1.5232649565628422,85.36155789272951,0.3191723055603813,66.03235908730844,77.08305815519597,6.843027879688928,42.051354862852484,2.737053091308047,8.371317398554753,1
0.0,45000,53999,9000,50.92943201869321,15277.131957874008,0.00732037044845063,33.77632306808756,54.33096591103648,1629.9289773310945,7.7041893543727085,4.705718018495817,1.454892104572324,136.60510858595305,0.4022212322109824,50.919789862083476,62.46071630409259,9.513334622625376,54.19812079007647,7.555156630519601,9.005002779321845,1
0.0,54000,62999,9000,45.240244968640155,13570.565482426424,0.009032781248468548,29.455050500721136,57.400328436353114,1722.0098530905937,7.5508389821091235,5.245382469902123,1.4905541858776763,110.70787307835488,0.4032872576411335,45.248180023966796,64.8101617858552,11.141889703681404,57.35021009604664,4.212386693690674,8.071150639244024,1
0.0,63000,71999,9000,39.668522893691915,11899.234584011117,0.02183155832286641,24.181191037663808,65.98369177531453,1979.5107532594363,8.69763307034115,4.839695232343331,1.4248708661096954,45.805250601492716,0.2502858113846962,39.66319029211827,58.96806925779703,13.533860965014972,66.27699770240662,9.764026918849988,9.2384658143413,1
0.0,72000,80999,9000,45.57633406141584,13671.381007289372,0.022117362225563257,23.91359446005595,59.210296144551556,1776.3088843365467,8.754306034003779,5.206655479330036,1.4521076368753896,45.21334821944543,0.5885865005581904,45.57761303956015,89.02608948612536,25.45851701675118,59.191606964126365,14.978178827514125,9.371873262923847,1
0.0,81000,89999,9000,54.841756850708,16450.69899665071,0.021104129432368425,33.19036004625501,49.6217544339541,1488.6526330186232,7.687520835648406,4.849735017385185,1.3938998740341193,47.384091497574474,0.44412635081643126,54.851485451417645,83.11923492739218,18.91407281869993,49.56830737354304,6.777431574089888,9.088382434685936,1
0.0,90000,98999,9000,25.962954204389558,7788.020829510055,0.006067400732826457,16.335544068073272,64.49063115609964,1934.7189346829894,8.220913434826093,4.918569860772799,1.4370779829416505,164.81522220704827,0.40664325918766653,25.962811691405648,31.067672448878092,4.456798045717392,64.50308989191518,5.777235657560083,8.40466926070039,1
0.0,99000,107999,9000,29.95511933858447,8985.537297597386,0.015259213754067911,17.194475857088356,68.07976884478995,2042.393065343699,8.39426602955884,4.277752990107831,1.415903036033902,65.53417601437117,0.45684946072634963,29.954323204516886,36.52487133277248,3.955304556410144,68.15263749850178,7.893849552200857,9.105058365758754,1
0.0,108000,117064,9000,19.249345967176264,5774.162145287307,0.027779454803323504,10.204410811016638,87.2291804640959,2616.875413922877,7.347483053672631,4.11766811771531,1.2188781995673619,35.99782670610084,0.4472795877397574,19.25320457578065,22.811092806809807,4.025686839479735,87.07842301362693,7.126984323026353,9.288493607559754,1
0.0,117065,126064,9000,13.476456567876328,4042.487755143969,0.03441659970478244,7.874642849045166,92.25779199956273,2767.733759986882,6.540726747416381,4.784274258543336,1.351169398132909,29.055746604190034,0.5595270999085614,13.478327667668756,17.52005461347368,2.587714358579438,92.27861076945598,11.726771964766442,6.770428015564202,1
0.0,126065,135064,9000,18.07299842425756,5421.29709399646,0.02128890420789433,9.931767214348246,82.62020905326744,2478.6062715980233,6.930770085565063,4.586166591903897,1.4627618634569959,46.97282632467203,0.032500931358782695,18.07163482932183,24.768210832778685,5.67192109276287,82.71980917571125,16.019241534252693,7.937743190661478,1
0.0,135065,144064,9000,9.034872022005107,2710.1604442007983,0.02016225822794267,6.2425956140059125,105.79917399794506,3173.975219938352,5.063895988443161,3.7777265002199116,1.070664105730941,49.597618912256074,0.4979521067991217,9.035561219038764,12.447916069612388,2.1773871500052255,105.74071271173666,1.605983256426337,5.536409116175653,1
0.0,144065,153064,9000,6.275062985469817,1882.3097268747629,0.011418657545160995,5.239274758974062,111.52186115073893,3345.655834522168,3.8737637515279477,4.309062540882035,1.3924812503605783,87.57596907035544,0.36492059990503717,6.275686960682768,6.787248372810119,0.46089382125891604,111.5006712758862,1.3260639747557021,4.118954974986103,1
0.0,153065,162064,9000,6.393502122834278,1917.8375201128556,0.01221195554337802,5.408326913195794,108.95870707013415,3268.761212104024,3.553728192021336,4.039277700834816,1.3728885968669968,81.88696695200909,0.35411408013113144,6.3933934447279075,7.514631349666422,0.6275170601990769,108.9630609862329,3.139193676434813,4.219010561423013,1
0.0,162065,171064,9000,6.08753201401283,1826.0566864700486,0.010319412328050176,5.515432893254182,113.71575594973602,3411.4726784920804,2.6736304033781533,2.259486810398683,1.1633014578306353,96.90474304256696,0.24644762329049086,6.088729167274279,6.319852616068558,0.16654220350554738,113.6823753110181,0.9747988749876333,3.385214007782101,1
0.0,171065,180064,9000,6.828145807265564,2048.2161373194267,0.0029441993108851924,6.1188234163114625,113.81740900919571,3414.5222702758715,3.1136792976997447,4.116968891678653,1.4550746785383246,339.6509184357304,0.2769205420690051,6.829770517249905,7.900205420693912,0.9394130267136996,113.81223804262018,0.8584800421388709,3.351862145636465,1
0.0,180065,189064,9000,6.1356384795727505,1840.4870225891727,6.565135111139105e-05,5.53172667437551,114.42808339416743,3432.8425018250236,3.14701633514835,4.538821041449214,1.5902731012411941,15231.978977908526,0.1836006434027343,6.134278230302937,6.575199169035336,0.23770672826499192,114.40267873891705,0.7781866347798162,3.2518065591995553,1
0.0,189065,198064,9000,6.442137049473381,1932.4263769403651,0.0002060210880469109,5.824946351684427,114.24096403979347,3427.228921193804,3.740415601733526,5.000534034260908,1.6293835066189983,4853.872045235974,0.12089714814104698,6.442293275279075,6.670090874085568,0.21141251769985914,114.27349126684915,1.0735345292103842,4.535853251806559,1
0.0,198065,199251,1187,6.488806464426179,256.52414889364826,0.0018058704994204716,5.770615218501364,116.2786505347998,3488.3595160439936,3.2377740303541316,5.122598327074589,1.5602238526635646,553.7495630616446,0.16620013432881608,6.488806464426179,6.488806464426179,0.0,116.2786505347998,0.0,3.2377740303541316,1
1.0,0,8999,9000,50.79878461618854,15237.942092036024,0.013577475173140022,31.67238544852467,45.9404948395848,1378.214845187544,7.387487498610957,5.263698173795055,1.6090122247533012,73.65139595160335,0.20805135315488935,50.811239723313875,86.83848602357655,18.85701088286988,45.83879267991201,12.20781716131096,7.971095052807115,1
1.0,9000,17999,9000,48.43427232034763,14528.66722036028,0.02013774670165362,33.54101966249776,35.70145412719022,1071.0436238157063,6.677408600955662,4.931003109023018,1.4586678074237354,49.65798879165982,0.350248511575045,48.42288459088538,65.75508212225228,9.545087904319196,35.88228352976261,7.507352794723528,7.337409672040022,1
1.0,18000,26999,9000,65.8604572143871,19755.941815742313,0.01080019580971577,46.89605527120603,22.807249281263875,684.2174784379163,7.014112679186577,5.391682267684555,1.590427383742052,92.59091387032149,0.29012896789277137,65.86268414428615,83.17107692939624,10.896252570085652,22.80536353451061,2.1746678034598546,7.137298499166203,1
1.0,27000,35999,9000,112.88569713373597,33861.94628354967,0.008667806013942377,91.25228764255742,21.223055630213224,636.6916689063967,6.0306700744527175,5.57236011200265,1.6512104093495927,115.36944855381807,0.2775296252713997,112.89423561464234,143.57519168027991,24.373059533834002,21.19702057212674,3.8179957991423845,7.2040022234574765,1
1.0,36000,44999,9000,61.683345713767494,18502.947602606455,0.006341294528104433,41.65573189850185,43.98894728105855,1319.6684184317567,7.577508612068009,4.729750453517742,1.4761363640713512,157.69650748250677,0.3578942809286652,61.682041792627295,69.09343641085201,5.983825401784772,44.034107137102616,2.6237594984455073,7.887715397443023,1
1.0,45000,53999,9000,50.539940827946,15160.297583689535,0.00897476409631811,34.69899133980688,44.82634058339083,1344.7902175017248,7.137459717746417,5.208032251147733,1.6086262183140392,111.42354152910261,0.5082910871651034,50.551163341425834,71.88688442622771,14.182573794395541,44.84233814556809,7.420687887693375,8.554752640355753,1
1.0,54000,62999,9000,69.26501895879537,20777.196853673326,0.004142176502421073,53.564913889598245,48.50737544975814,1455.221263492744,6.640737859762196,4.686016986243079,1.4797642764092136,241.41897367615962,0.16609215684925527,69.26494738375172,72.14851346419402,2.3647972122649534,48.67205392608396,7.428850853451431,7.720956086714842,1
1.0,63000,71999,9000,34.44808238460293,10333.276445968057,0.02307984513818836,15.48709139896948,71.85368118363546,2155.610435509064,10.374486054006002,3.8478331396405023,1.475026363329885,43.3278470463123,0.49235598635754835,34.44324484326695,44.558974812605165,9.906639231350281,71.6677496431902,16.10949718019029,8.738187882156753,1
1.0,72000,80999,9000,10.538723254016059,3161.265685429683,0.08334979100313147,7.589466384403139,95.5040449394551,2865.121348183653,5.700633403711524,3.89439256864883,1.0789103217501383,11.997630563493912,0.44996159434184474,10.537788827441059,12.611101865519469,1.5348278349362183,95.51916799837485,4.765501722072072,7.137298499166203,1
1.0,81000,89999,9000,9.26860652045792,2780.273002586694,0.030124839311729233,5.7706152185003665,102.22606643431625,3066.7819930294872,5.867318590954551,4.610169304470078,1.4416445693671653,33.19519781174885,0.6523703581791207,9.26741638280289,15.27250819727794,3.2139125001090645,102.18023896697483,6.9635940246245145,6.737076153418566,1
1.0,90000,98999,9000,13.96473203814581,4188.954120375804,0.0672246399965722,5.135172830587094,97.17054841286736,2915.116452386021,6.077341926880765,3.5117400941475374,1.1483302792965744,14.875498032432606,0.005170364785977689,13.968978668164905,33.95199287173704,10.165692059270567,97.0618417512137,7.325950293699897,8.77153974430239,1
1.0,99000,107999,9000,16.093023151856315,4827.3705114518325,0.012612227185881019,9.024965373894975,96.69028636681409,2900.7085910044225,6.820757861984665,4.467739625146691,1.302323455684599,79.28813723871606,0.5668998323821285,16.087161182713245,20.72550246562189,4.625883035131684,96.39399964636587,10.646174364263272,7.604224569205114,1
1.0,108000,116999,9000,11.381549068798668,3414.0853356706402,0.014466589208707997,6.661080993353517,105.08422369798302,3152.5267109394904,6.114012668074231,3.900065216225219,1.4120213193216524,69.12479407364809,0.5994694975275813,11.381356636339095,12.829534338540906,0.8416027607083686,105.08661591588786,4.274839014535138,6.687048360200111,1
1.0,117000,125999,9000,21.468574557617305,6439.856748133271,0.014598893426559787,13.25443322062634,79.8388811422559,2395.166434267677,7.394154906100678,5.0522160553541555,1.360119043720278,68.49834235933928,0.4521243118170558,21.473523675179017,24.452937567015923,1.907694453053284,79.81874886017235,10.072029692501978,7.987770983879933,1
1.0,126000,134999,9000,19.368626501661353,5809.942329615017,0.04193916434669546,11.795761950802138,79.13441310239276,2374.032393071783,6.990776752972553,4.780321396005556,1.351169398132909,23.844061167584844,0.1380703231547513,19.371368369025838,25.81997788283997,3.7250047274331006,79.07694722242357,11.207608548656838,7.120622568093385,1
1.0,135000,143999,9000,17.444648340530332,5232.813013881082,0.019795100145733897,9.794896630388584,88.30345193146618,2649.103557943985,6.330703411490166,4.228480429907661,1.2983706192659354,50.51755195163855,0.48727460911918125,17.446336069574745,24.57146608590399,6.037205914733381,88.23768346336927,17.668674104353364,9.155086158977209,1
1.0,144000,152999,9000,12.091209415924128,3626.9597844633736,0.040362161223106846,8.469356528096556,89.20585776393416,2676.175732918025,6.244027114123792,4.810242720520632,1.3078832771841367,24.77568023358254,0.4554824372407357,12.085444994963586,14.87331496865481,1.9776092320774494,89.17789869344459,8.396142675657043,6.353529738743746,1
1.0,153000,161999,9000,10.262126678570764,3078.2959326819437,0.051612532431698624,7.500000000000274,102.475187665118,3074.2556299535404,5.117235248360929,3.8904258959507323,1.1824442460416824,19.37513919363187,0.3896903498238628,10.25932208530856,13.65265121797876,2.072769905808905,102.80553967837382,8.15635497117005,5.969983324068927,1
1.0,162000,170999,9000,8.0316798970238,2409.2362464439057,0.0008741718131995858,7.111961754677843,113.81928189335378,3414.5784568006134,3.857095232803645,4.4206563129691885,1.5255415780717525,1143.9398810399368,0.14297968333781538,8.029790376846158,9.121130546143073,0.5815287956534019,113.79179926147242,1.4754847885482238,4.352418010005558,1
1.0,171000,179999,9000,7.49007728800336,2246.7735171580744,0.0015892194589495559,6.579513659839678,113.28016573403511,3398.404972021053,3.4670518946549618,4.433647175020387,1.4864756959950676,629.2397153637806,0.20181176297926826,7.488750160782123,8.787654015470094,0.7390917500300966,113.29676228687421,1.8290458019668807,4.002223457476376,1
1.0,180000,188999,9000,7.4694889965238715,2240.5977159906106,0.0015511036331226317,6.64078308635322,113.1056340618484,3393.1690218554527,3.2536948549838876,4.344193729227858,1.4897189194416225,644.7022485446909,0.22533760008289977,7.466580661522127,8.141112284536538,0.5171411895650141,113.12226787865754,0.8586669477210805,3.802112284602557,1
1.0,189000,197999,9000,7.958281494980462,2387.2191724443064,0.0011998688147413993,7.25603197346971,113.66343839486265,3409.9031518458796,2.743638182020225,3.822473200453637,1.4414992614930608,833.4244441676937,0.18952526306330933,7.957633434299707,9.055752145841636,0.5816922439962132,113.66624779681459,1.1083910426296444,3.168426903835464,1
1.0,198000,199251,1252,9.292849324284525,387.5118168226646,0.009295198980735208,8.532877591997128,112.89006739716483,3386.7020219149454,2.4700239808153475,3.8889514493239146,1.3307522316237574,107.58241992156951,0.19682424864209794,9.292849324284525,9.292849324284525,0.0,112.89006739716483,0.0,2.4700239808153475,1
2.0,1,9000,9000,109.8971446767812,32965.48016487847,0.0074871061695252795,86.74566271577974,23.454039664916916,703.6211899475076,6.23069229914435,5.630121381078654,1.6060727683573839,133.56295174099355,0.18347310620463123,109.89112742371319,127.76850000409328,12.032435502061036,23.464545740631202,2.0428907732659987,7.287381878821567,1
2.0,9001,18000,9000,121.54603724296445,36459.75963831457,0.007365886026547425,102.52190009944198,22.66513931676031,679.9541795028092,5.1705745082786985,5.048407335230106,1.5434257904144184,135.76099282501727,0.24895827694754613,121.54548848165678,132.02148121272745,9.83626880558777,22.71265122751577,2.828562137700871,5.8866036687048355,1
2.0,18001,27000,9000,116.35480965794133,34902.56440372713,0.01190896592342173,95.49853402016127,18.365348668297575,550.9604600489272,5.663962662518058,6.0028581256551234,1.7290578531290548,83.97034691595424,0.19080631766944095,116.34849232362626,148.08379032665533,17.773147549667378,18.353578181650096,2.463548948648686,7.2040022234574765,1
2.0,27001,36000,9000,88.89856931946292,26666.607510194895,0.013248151634164415,68.94845901106153,28.200786222506363,846.0235866751909,6.947438604289366,5.809982667424102,1.6980559282212493,75.4822278317825,0.2061439275242486,88.90475815535602,103.1352676724465,9.212124374680329,28.50611067103395,6.109269683215621,7.837687604224569,1
2.0,36001,45000,9000,51.53288515743685,15458.147784392473,0.00160765822770008,31.50142853903661,52.5597893799816,1576.7936813994484,8.714301589065453,5.079767683634574,1.5429865062087886,622.0227550669166,0.516035632840809,51.530152086929284,70.28585029341643,16.425254844263684,52.20505026821331,17.840646192519696,9.371873262923847,1
2.0,45001,54000,9000,66.17866225950937,19851.392722444158,0.01480423383725529,47.33539901595898,43.23655861322561,1297.0967583967683,7.7041893543727085,5.142049166751863,1.5688195557774456,67.54824403566705,0.4501112268734882,66.1944355407935,77.84545344406348,8.82834340430555,43.22556038138516,4.376424613211937,8.538076709282935,1
2.0,54001,63000,9000,11.516479048775203,3454.5598319976016,0.027702707450128795,7.523961722390629,80.74349046050067,2422.3047138150196,7.3308145349483285,5.294451475593707,1.569710331568715,36.09755478955364,0.45530778595801585,11.518658988268207,13.432432796726664,1.8640808644701916,80.64166096461715,12.133053427533545,7.837687604224569,1
2.0,63001,72000,9000,32.314508073927506,9693.27527190912,0.027327311044841776,13.958868148958452,75.86311730237038,2275.8935190711113,10.074452716968553,3.8942123927704038,1.5483540014503565,36.593428396928104,0.5416840616779088,32.31843897491219,68.89966164563285,21.30219078355293,75.48953961030364,20.63324655037025,10.906058921623124,1
2.0,72001,81000,9000,46.44824539529695,13932.925343742576,0.01705047156908155,29.887288267756297,55.131871587942875,1653.9561476382862,7.670852316924103,5.0550309420036355,1.4234420369288785,58.64940426711416,0.35026297847450477,46.451927713433946,59.89350389040132,10.57017951367988,55.08261019874383,7.203618284220333,8.721511951083935,1
2.0,81001,90000,9000,28.464352500137487,8538.356938291241,0.032519510177316815,16.12761606685853,72.99872105172112,2189.9616315516337,8.177575286142906,4.848791591069938,1.4388997406397663,30.750770677275618,0.4764566369596794,28.457304732996903,34.60253149904406,4.365121634598253,72.92845026789152,9.061497982079485,9.505280711506392,1
2.0,90001,99000,9000,33.027191501505236,9907.05654406819,0.009333452939377523,14.412494579357698,68.32120789457598,2049.6362368372793,9.027669741082343,4.966269537060211,1.4185972905748994,107.14148413188369,0.019223612673255657,32.99247901265351,43.24921544470929,6.342962889189395,68.47985728327183,17.305146434336486,9.121734296831573,1
2.0,99001,108000,9000,5.931798207754924,1779.3417357195517,0.00955527514979272,4.459820624194707,107.0907175942766,3212.721527828298,3.8837648627625296,4.27306110546369,1.3823150411654674,104.65423384712189,0.6506615943230258,5.931618757609928,6.3639869678391525,0.2411680857281321,107.07801907106163,1.0816444210157747,4.385769872151195,1
2.0,108001,117000,9000,4.925837103834075,1477.5869365800947,0.004144944812254011,3.911521443118947,109.72734749217547,3291.8204247652643,3.237026336259585,3.0574653134573544,1.1700146099529949,241.2577356985852,0.7009816921485182,4.926602685883192,5.7320990266149305,0.5229462346816934,109.73860994664135,1.2063056976988002,3.6353529738743746,1
2.0,117001,126000,9000,4.340613517479886,1302.0393681267162,0.012485307456556885,3.7947331922018392,113.0377207003157,3391.131621009471,2.966996332925881,1.8141711681808381,1.0000000000000002,80.09414293396772,0.49235883141055364,4.339659900988283,5.735455077062144,0.7703593958357976,113.03542249212153,1.0657100291292396,3.4018899388549193,1
2.0,126001,135000,9000,5.299121199473377,1589.5597224686971,0.015831454999163084,4.3680659335680865,111.76869881304552,3353.060964391366,3.1170130014446054,3.9562641989718736,1.2261913532573705,63.165388149911934,0.5758216186617957,5.299413207082165,5.710694501397392,0.36212578830603154,111.76457088642262,1.648948122431394,3.6020011117287383,1
2.0,135001,144000,9000,5.059610952036468,1517.714631912539,0.014446484062605186,4.242640687118803,112.25154052553809,3367.5462157661427,3.0870096677408605,3.6171941636210034,1.12957385709065,69.22099492626765,0.6121234507744604,5.057940544304889,5.418529581552749,0.3989833759023604,112.24184848363055,1.8604895739862917,3.385214007782101,1
2.0,144001,153000,9000,5.259837828725946,1577.7760206901594,0.015910475759342204,4.1677331968349565,111.82331240719195,3354.6993722157586,3.6637404156017337,3.5831004171856637,1.2447051528635749,62.85167176178417,0.5447470193067506,5.259580407088248,6.502852436174895,0.8935019384075256,111.81834512481244,2.112941219260881,4.319066147859922,1
2.0,153001,162000,9000,4.034734808432819,1210.2859513695644,0.0008500753814780019,3.649657518179117,114.18564050649687,3425.569215194906,2.786976330703412,2.72326519645648,1.0378314928330357,1176.3662632616515,0.23649930757019758,4.034289627435673,4.250615605690625,0.19263535507046625,114.18696020231747,1.1087322015417829,3.685380767092829,1
2.0,162001,171000,9000,4.229776144196101,1268.79185072069,0.0003711849767203026,3.9115214431214325,114.73814375002162,3442.144312500648,2.203578175352817,4.526626542659718,1.576874381533641,2694.074552358636,0.1710087024053797,4.230052589102199,4.303506127698617,0.047639121191438316,114.7346090373383,1.368903061094376,2.4680377987770985,1
2.0,171001,180000,9000,4.396650353558859,1318.8485510558726,0.0009451541204703248,4.080441152618991,114.98776140088707,3449.632842026612,2.413601511279031,3.1365447843478638,1.426315669942434,1058.0285038617649,0.16113786856551104,4.397789422003427,4.450759012440598,0.05156953288965029,114.99568586951429,0.39310099448338864,2.718176764869372,1
2.0,180001,189000,9000,4.429343493045644,1328.6554031305914,0.0018849853403467593,4.080441152620182,113.9602761644895,3418.808284934685,2.580286698522058,4.334362934473926,1.4443831581466733,530.5081045436891,0.2094374378682865,4.430074226390493,5.023345039081624,0.3233792702292216,113.94725558577686,1.572747737491488,2.818232351306281,1
2.0,189001,198000,9000,4.572231537174931,1371.517053434573,0.0003644139595146634,4.295346318982334,114.47780643185699,3434.3341929557096,1.9502166907434162,4.952844636599735,1.622659049705743,2744.1319792793547,0.1709927451634282,4.572208589448838,4.759963643629765,0.10172533247020465,114.50980899831382,1.0337342921521149,2.1011673151750974,1
2.0,198001,199251,1251,4.760726942326413,198.3636225969339,0.00483250258273446,4.295346318982423,113.50067968071313,3405.0203904213936,2.976,4.832240623599074,1.5342835221002222,206.93211909969685,0.2187271317554716,4.760726942326413,4.760726942326413,0.0,113.50067968071313,0.0,2.976,1
